Order-Id,Item-id,Product-Id,Quantity,Sales-Id,Customer-Id,Sales-Price-Per-Prod,Market-Segment
0,0,0,9,4,27,119,financial
1,1,8,8,5,19,201,software
2,2,18,3,6,12,82,pharmaceutical
3,3,9,21,9,5,93,pharmaceutical
4,4,14,18,4,26,190,retail
5,5,15,16,9,3,197,pharmaceutical
6,6,17,4,7,2,190,retail
7,7,6,1,0,4,71,retail
8,8,6,26,3,6,51,realestate
9,9,8,1,6,17,158,education
10,10,3,14,1,23,200,realestate
11,11,0,6,3,26,123,retail
12,12,6,24,1,13,66,software
13,13,18,26,7,26,83,financial
14,14,14,14,3,11,183,software
15,15,12,14,9,27,107,software
16,16,7,4,1,19,163,pharmaceutical
17,17,6,2,9,8,59,financial
18,18,13,23,0,20,136,financial
19,19,14,3,7,24,192,software
20,20,3,21,4,13,207,realestate
21,21,5,11,3,17,120,pharmaceutical
22,22,3,20,5,25,209,retail
23,23,2,19,9,28,217,financial
24,24,6,8,6,15,41,retail
25,25,15,14,4,27,215,realestate
26,26,9,16,6,16,74,software
27,27,7,20,0,11,131,financial
28,28,14,23,9,13,178,financial
29,29,10,23,6,19,147,software
30,30,9,11,9,22,53,software
31,31,11,5,3,1,133,pharmaceutical
32,32,13,9,7,15,130,realestate
33,33,14,28,5,10,180,software
34,34,18,20,4,4,56,realestate
35,35,16,2,6,29,155,financial
36,36,7,15,3,19,139,education
37,37,19,8,0,8,90,retail
38,38,12,17,8,13,83,realestate
39,39,3,23,5,4,194,financial
40,40,1,23,5,22,187,realestate
41,41,18,3,1,9,66,software
42,42,15,11,9,2,181,software
43,43,11,5,5,13,115,pharmaceutical
44,44,8,14,0,13,114,software
45,45,17,4,0,29,196,software
46,46,4,22,0,25,154,software
47,47,4,19,2,22,130,financial
48,48,18,13,0,28,97,financial
49,49,7,18,3,11,136,education
50,50,12,20,3,1,78,software
51,51,6,1,9,0,76,financial
52,52,15,2,2,8,209,education
53,53,12,25,8,19,97,realestate
54,54,14,29,2,13,189,retail
55,55,17,5,2,14,189,financial
56,56,10,2,4,18,152,financial
57,57,5,24,2,14,124,financial
58,58,12,4,5,11,109,software
59,59,12,10,2,3,100,retail
60,60,14,20,4,4,184,software
61,61,16,5,6,11,162,education
62,62,5,20,4,29,131,pharmaceutical
63,63,19,20,7,7,82,education
64,64,0,3,6,20,123,education
65,65,7,21,9,20,135,realestate
66,66,14,22,7,29,198,retail
67,67,9,24,3,18,57,pharmaceutical
68,68,3,13,3,24,204,education
69,69,11,26,7,20,102,retail
70,70,19,17,0,7,71,financial
71,71,2,28,8,5,201,financial
72,72,2,29,6,10,210,pharmaceutical
73,73,4,7,7,22,187,pharmaceutical
74,74,19,20,9,6,73,pharmaceutical
75,75,14,27,0,19,190,pharmaceutical
76,76,19,23,5,4,75,software
77,77,7,16,1,17,151,pharmaceutical
78,78,11,5,4,10,140,education
79,79,8,18,3,25,143,software
80,80,9,3,9,17,105,pharmaceutical
81,81,17,0,9,4,205,pharmaceutical
82,82,19,21,3,23,88,pharmaceutical
83,83,10,6,5,28,107,education
84,84,8,18,3,6,119,education
85,85,0,21,1,2,122,realestate
86,86,14,13,8,20,188,software
87,87,13,29,6,2,131,realestate
88,88,9,20,8,5,68,realestate
89,89,16,20,4,29,146,pharmaceutical
90,90,12,17,4,27,107,education
91,91,17,18,8,13,196,realestate
92,92,1,13,4,15,217,realestate
93,93,16,11,5,0,147,retail
94,94,4,23,2,19,160,pharmaceutical
95,95,19,15,6,14,73,education
96,96,8,11,6,25,113,pharmaceutical
97,97,15,4,7,25,184,retail
98,98,8,12,7,14,170,financial
99,99,12,15,7,14,95,financial
100,100,14,19,8,14,196,retail
101,101,1,10,5,3,186,pharmaceutical
102,102,13,19,9,23,140,software
103,103,16,5,8,22,158,financial
104,104,5,28,3,10,138,realestate
105,105,6,3,6,18,57,education
106,106,8,23,7,23,177,retail
107,107,11,12,9,16,108,financial
108,108,2,15,5,18,199,retail
109,109,19,13,6,29,83,software
110,110,3,2,7,7,176,education
111,111,19,13,2,12,75,software
112,112,6,10,0,9,38,retail
113,113,0,20,5,3,120,financial
114,114,13,11,4,6,123,retail
115,115,10,12,1,7,103,financial
116,116,3,13,3,24,189,education
117,117,2,17,8,7,215,pharmaceutical
118,118,8,16,9,22,145,financial
119,119,2,6,6,25,219,realestate
120,120,17,10,2,24,191,financial
121,121,18,22,2,28,82,education
122,122,0,18,9,0,120,realestate
123,123,16,20,5,1,153,realestate
124,124,6,29,9,1,54,realestate
125,125,19,16,0,3,118,education
126,126,17,14,0,21,199,software
127,127,14,9,2,11,185,retail
128,128,4,4,9,3,144,education
129,129,1,4,5,14,216,financial
130,130,12,8,5,14,100,financial
131,131,10,2,1,18,152,education
132,132,1,5,1,6,199,realestate
133,133,19,18,3,4,105,software
134,134,19,17,7,7,110,software
135,135,4,1,2,10,170,realestate
136,136,2,3,5,1,213,retail
137,137,0,20,5,24,121,pharmaceutical
138,138,8,0,3,20,164,realestate
139,139,8,7,5,29,178,pharmaceutical
140,140,2,12,1,8,204,education
141,141,10,16,9,26,102,retail
142,142,15,19,6,8,211,education
143,143,18,23,3,28,79,pharmaceutical
144,144,15,24,7,22,187,pharmaceutical
145,145,11,16,9,28,125,pharmaceutical
146,146,15,6,6,23,206,pharmaceutical
147,147,2,15,0,19,214,retail
148,148,3,27,2,17,211,education
149,149,9,0,0,17,50,software
150,150,11,0,9,26,115,software
151,151,11,23,2,24,97,financial
152,152,4,25,4,19,167,software
153,153,18,18,0,12,75,financial
154,154,9,12,9,13,86,education
155,155,11,6,2,7,93,realestate
156,156,6,21,6,26,62,realestate
157,157,0,12,8,24,120,financial
158,158,2,3,6,4,213,pharmaceutical
159,159,10,14,4,6,127,software
160,160,10,6,1,6,142,retail
161,161,15,7,8,22,201,pharmaceutical
162,162,16,19,4,21,156,financial
163,163,2,15,3,14,212,pharmaceutical
164,164,19,12,0,23,76,realestate
165,165,1,8,3,19,169,realestate
166,166,14,13,4,0,191,realestate
167,167,4,1,7,19,179,realestate
168,168,13,17,6,26,95,education
169,169,10,11,9,24,119,pharmaceutical
170,170,10,21,8,13,119,retail
171,171,15,1,9,9,190,education
172,172,19,24,8,0,113,education
173,173,6,11,5,7,82,realestate
174,174,8,4,8,5,120,software
175,175,0,7,8,12,123,realestate
176,176,11,1,5,16,106,realestate
177,177,12,10,6,3,88,financial
178,178,19,23,2,14,114,pharmaceutical
179,179,10,3,7,28,94,retail
180,180,1,12,7,19,207,software
181,181,18,25,4,13,75,software
182,182,5,9,0,28,99,financial
183,183,13,13,8,12,118,pharmaceutical
184,184,4,21,4,1,158,financial
185,185,7,4,2,21,139,financial
186,186,13,21,4,8,96,education
187,187,16,15,9,8,150,education
188,188,16,20,6,2,162,financial
189,189,0,29,8,18,122,pharmaceutical
190,190,17,24,0,19,203,financial
191,191,12,17,0,7,86,pharmaceutical
192,192,17,6,6,15,194,financial
193,193,3,28,0,19,187,retail
194,194,10,6,7,20,127,pharmaceutical
195,195,11,1,4,13,106,software
196,196,13,17,1,29,143,software
197,197,10,8,0,27,153,retail
198,198,3,3,8,9,208,realestate
199,199,13,11,0,29,101,retail
200,200,10,6,4,2,148,software
201,201,0,24,7,23,120,financial
202,202,10,2,4,13,154,pharmaceutical
203,203,10,0,4,6,152,realestate
204,204,16,10,7,5,148,software
205,205,18,13,7,15,87,realestate
206,206,2,10,3,24,212,realestate
207,207,6,0,8,21,83,financial
208,208,2,21,4,28,210,realestate
209,209,13,14,0,4,134,pharmaceutical
210,210,19,11,4,24,96,realestate
211,211,14,8,3,14,194,realestate
212,212,8,10,9,12,193,financial
213,213,4,23,0,24,161,financial
214,214,16,3,4,25,154,financial
215,215,0,1,5,28,121,education
216,216,8,21,6,21,168,realestate
217,217,6,7,4,10,63,software
218,218,6,29,2,6,38,retail
219,219,10,17,0,21,112,education
220,220,13,12,1,12,131,financial
221,221,14,6,3,25,188,retail
222,222,19,16,6,5,97,education
223,223,19,5,7,29,84,financial
224,224,0,26,4,29,123,education
225,225,7,17,5,20,144,pharmaceutical
226,226,5,13,8,27,115,software
227,227,7,6,4,4,158,software
228,228,19,28,5,10,94,retail
229,229,2,10,9,2,215,realestate
230,230,1,20,5,20,159,education
231,231,18,12,7,2,99,software
232,232,14,19,0,17,196,software
233,233,2,15,9,24,206,software
234,234,8,25,7,11,147,retail
235,235,5,9,7,19,112,pharmaceutical
236,236,17,6,2,3,193,retail
237,237,7,13,6,10,143,software
238,238,17,25,9,10,196,retail
239,239,16,2,1,18,150,pharmaceutical
240,240,3,15,9,21,192,software
241,241,8,20,7,29,118,software
242,242,14,29,2,0,179,pharmaceutical
243,243,3,25,3,7,210,pharmaceutical
244,244,5,5,8,8,136,realestate
245,245,16,28,3,29,157,retail
246,246,5,27,1,8,111,realestate
247,247,8,22,5,5,206,software
248,248,7,24,4,5,159,pharmaceutical
249,249,3,10,9,23,198,financial
250,250,15,23,4,22,193,financial
251,251,2,7,9,20,215,education
252,252,12,20,1,2,104,software
253,253,15,12,7,4,182,retail
254,254,3,8,6,14,197,financial
255,255,1,21,1,26,193,software
256,256,5,2,5,14,134,financial
257,257,1,10,1,22,169,financial
258,258,17,22,5,4,193,education
259,259,14,8,5,7,198,education
260,260,16,4,2,22,153,retail
261,261,2,25,6,5,206,software
262,262,15,5,1,6,195,education
263,263,13,28,5,25,141,pharmaceutical
264,264,19,18,7,21,80,realestate
265,265,19,11,9,1,103,realestate
266,266,13,12,6,23,141,retail
267,267,2,0,3,3,210,retail
268,268,7,25,0,10,134,software
269,269,0,25,4,6,119,retail
270,270,8,0,0,20,183,financial
271,271,9,14,3,28,47,realestate
272,272,0,11,3,8,120,pharmaceutical
273,273,3,7,5,1,192,retail
274,274,5,1,9,11,123,pharmaceutical
275,275,12,0,9,13,82,realestate
276,276,3,20,3,17,184,financial
277,277,5,6,6,6,94,software
278,278,8,6,9,10,130,pharmaceutical
279,279,11,25,2,28,131,retail
280,280,11,23,7,4,118,pharmaceutical
281,281,14,15,8,15,183,financial
282,282,9,18,1,8,79,realestate
283,283,18,20,8,7,77,realestate
284,284,14,0,9,15,181,pharmaceutical
285,285,1,2,0,5,228,pharmaceutical
286,286,15,20,0,13,192,education
287,287,7,12,6,18,135,education
288,288,7,1,8,21,120,financial
289,289,14,16,4,3,195,software
290,290,3,2,1,26,169,realestate
291,291,6,27,8,4,80,financial
292,292,12,23,1,23,104,realestate
293,293,5,20,6,13,110,education
294,294,8,5,0,28,141,financial
295,295,19,12,8,17,116,software
296,296,6,27,7,18,74,pharmaceutical
297,297,17,22,7,29,189,retail
298,298,4,23,2,5,142,software
299,299,10,25,2,20,105,pharmaceutical
300,300,6,7,5,5,66,software
301,301,2,29,2,26,207,financial
302,302,5,9,4,4,128,retail
303,303,15,28,0,2,188,retail
304,304,8,14,6,6,165,financial
305,305,11,3,9,2,111,software
306,306,3,10,0,7,200,financial
307,307,16,24,2,11,153,retail
308,308,19,29,2,24,86,pharmaceutical
309,309,7,2,7,29,155,financial
310,310,12,8,3,4,109,financial
311,311,12,15,4,2,84,software
312,312,2,16,4,23,212,realestate
313,313,12,4,1,17,84,financial
314,314,10,17,0,6,133,pharmaceutical
315,315,7,28,1,10,161,realestate
316,316,2,16,7,29,202,retail
317,317,7,6,5,25,163,realestate
318,318,13,11,8,3,136,pharmaceutical
319,319,0,27,8,14,122,pharmaceutical
320,320,10,15,3,11,146,financial
321,321,14,21,5,24,189,pharmaceutical
322,322,6,21,7,9,49,software
323,323,0,5,8,28,119,pharmaceutical
324,324,9,16,2,0,67,pharmaceutical
325,325,3,16,0,7,189,realestate
326,326,13,4,3,7,117,retail
327,327,3,0,8,26,178,financial
328,328,15,14,1,29,202,financial
329,329,2,14,6,27,215,retail
330,330,10,29,8,15,88,pharmaceutical
331,331,18,6,5,26,62,pharmaceutical
332,332,5,22,1,14,103,retail
333,333,16,2,9,17,161,financial
334,334,6,6,2,16,61,education
335,335,15,3,6,15,187,education
336,336,7,5,1,5,122,pharmaceutical
337,337,12,14,9,1,109,realestate
338,338,0,9,8,5,123,retail
339,339,9,21,4,11,58,software
340,340,0,0,5,13,123,pharmaceutical
341,341,7,27,9,5,156,software
342,342,7,27,9,4,120,retail
343,343,17,21,5,23,202,education
344,344,14,28,9,6,193,software
345,345,14,0,8,1,179,education
346,346,0,21,4,11,121,financial
347,347,10,20,1,13,89,realestate
348,348,5,14,6,17,100,realestate
349,349,6,10,1,7,62,pharmaceutical
350,350,18,0,8,7,62,education
351,351,18,25,4,13,103,education
352,352,9,3,1,15,45,retail
353,353,5,0,0,9,127,pharmaceutical
354,354,2,27,0,12,199,education
355,355,9,18,1,26,82,realestate
356,356,12,14,9,20,99,software
357,357,9,11,6,18,97,realestate
358,358,13,1,0,12,92,realestate
359,359,11,15,1,12,124,retail
360,360,2,29,2,28,202,education
361,361,4,5,5,21,164,software
362,362,1,10,6,29,187,education
363,363,17,5,1,0,192,software
364,364,17,7,7,7,197,realestate
365,365,6,15,3,12,61,financial
366,366,11,27,9,15,118,software
367,367,4,11,8,2,130,pharmaceutical
368,368,1,6,2,14,225,realestate
369,369,10,13,5,1,129,realestate
370,370,0,6,1,1,119,realestate
371,371,15,6,3,26,185,education
372,372,7,9,7,2,119,pharmaceutical
373,373,4,19,7,2,155,pharmaceutical
374,374,15,7,6,1,199,realestate
375,375,15,2,9,14,187,pharmaceutical
376,376,2,13,6,12,202,pharmaceutical
377,377,3,28,3,21,202,pharmaceutical
378,378,3,6,4,25,207,pharmaceutical
379,379,14,25,6,10,182,education
380,380,6,11,1,22,78,retail
381,381,12,29,1,28,89,realestate
382,382,13,28,1,8,101,financial
383,383,14,5,3,11,179,retail
384,384,6,29,5,17,66,retail
385,385,11,15,7,24,113,financial
386,386,0,4,9,6,121,financial
387,387,8,2,8,12,124,retail
388,388,15,20,5,19,196,education
389,389,18,5,7,11,62,education
390,390,2,11,2,12,213,financial
391,391,8,15,8,24,203,education
392,392,12,29,8,21,92,realestate
393,393,1,13,5,19,232,financial
394,394,3,28,3,20,209,retail
395,395,15,18,5,29,188,realestate
396,396,5,4,6,18,127,software
397,397,13,2,7,15,125,financial
398,398,10,16,7,5,140,pharmaceutical
399,399,8,23,6,29,203,realestate
400,400,17,28,0,10,204,retail
401,401,5,13,8,16,137,pharmaceutical
402,402,4,2,6,13,138,education
403,403,12,5,9,1,80,pharmaceutical
404,404,7,0,8,16,122,financial
405,405,10,10,7,13,137,software
406,406,5,10,6,0,136,retail
407,407,2,3,4,29,205,pharmaceutical
408,408,6,7,1,20,61,realestate
409,409,10,12,6,11,139,education
410,410,17,11,1,15,205,software
411,411,11,3,7,12,97,education
412,412,10,21,6,23,139,retail
413,413,5,24,2,27,137,realestate
414,414,0,7,9,28,120,software
415,415,15,8,9,6,209,pharmaceutical
416,416,16,6,3,3,157,financial
417,417,12,22,3,24,97,software
418,418,6,20,8,5,50,financial
419,419,0,15,8,27,122,education
420,420,6,2,3,29,54,realestate
421,421,15,23,2,21,201,retail
422,422,18,8,4,10,52,financial
423,423,13,16,5,22,146,pharmaceutical
424,424,7,26,7,7,121,financial
425,425,18,11,0,17,65,education
426,426,3,0,6,4,196,pharmaceutical
427,427,8,13,2,23,135,realestate
428,428,13,23,2,6,117,financial
429,429,12,8,2,19,80,pharmaceutical
430,430,6,26,7,20,38,pharmaceutical
431,431,0,10,4,3,121,education
432,432,5,25,4,15,120,education
433,433,13,14,4,13,95,education
434,434,15,14,8,25,184,pharmaceutical
435,435,13,15,2,12,131,retail
436,436,1,0,9,25,194,education
437,437,10,19,2,0,116,retail
438,438,5,25,4,22,98,realestate
439,439,1,9,1,26,181,education
440,440,2,2,0,21,215,education
441,441,3,6,2,9,208,retail
442,442,12,27,7,8,108,realestate
443,443,13,12,5,19,125,retail
444,444,13,0,3,12,90,pharmaceutical
445,445,8,7,0,11,130,realestate
446,446,9,17,3,8,80,pharmaceutical
447,447,6,8,8,21,62,retail
448,448,19,3,8,13,91,retail
449,449,4,0,2,27,135,education
450,450,3,1,9,3,193,realestate
451,451,11,12,2,4,93,education
452,452,0,11,9,8,120,software
453,453,11,27,3,5,99,software
454,454,18,18,6,2,65,financial
455,455,0,25,1,18,119,financial
456,456,4,1,8,25,169,pharmaceutical
457,457,7,6,5,7,157,software
458,458,2,1,8,5,204,retail
459,459,12,28,0,7,109,financial
460,460,7,4,5,1,126,financial
461,461,8,3,2,9,156,education
462,462,18,16,4,19,57,retail
463,463,15,27,6,23,184,education
464,464,0,10,8,9,119,software
465,465,6,2,1,13,86,realestate
466,466,17,6,4,9,187,realestate
467,467,11,26,9,18,133,retail
468,468,13,29,2,13,132,retail
469,469,19,15,7,2,98,realestate
470,470,6,16,6,8,50,financial
471,471,17,25,6,24,197,retail
472,472,1,7,1,4,195,financial
473,473,9,22,9,1,95,education
474,474,7,20,8,9,152,software
475,475,16,4,7,8,160,financial
476,476,10,26,4,11,105,education
477,477,17,4,9,5,202,realestate
478,478,9,4,3,7,49,education
479,479,11,14,6,26,121,retail
480,480,19,0,5,16,78,education
481,481,15,12,9,8,210,education
482,482,12,5,5,29,86,financial
483,483,9,23,9,29,85,financial
484,484,2,1,1,4,202,retail
485,485,15,26,1,8,202,retail
486,486,2,3,3,3,218,pharmaceutical
487,487,6,2,7,22,54,financial
488,488,12,11,2,10,93,retail
489,489,4,17,7,27,181,education
490,490,15,10,3,1,208,pharmaceutical
491,491,11,13,6,8,121,pharmaceutical
492,492,8,27,8,11,110,software
493,493,4,18,6,16,150,pharmaceutical
494,494,19,0,8,4,89,financial
495,495,10,25,6,8,115,realestate
496,496,6,21,6,9,41,software
497,497,15,23,8,18,185,pharmaceutical
498,498,14,17,5,0,188,pharmaceutical
499,499,9,28,0,13,51,pharmaceutical
500,500,6,19,3,23,82,education
501,501,6,28,2,17,61,financial
502,502,17,21,8,20,200,realestate
503,503,6,27,7,6,41,retail
504,504,5,8,1,13,95,software
505,505,6,9,1,9,64,pharmaceutical
506,506,7,11,9,25,138,realestate
507,507,13,13,2,6,136,realestate
508,508,9,29,8,9,96,realestate
509,509,17,24,4,27,203,education
510,510,16,11,3,28,153,pharmaceutical
511,511,13,16,5,26,127,education
512,512,4,4,6,6,177,realestate
513,513,4,20,6,23,183,education
514,514,6,8,7,13,73,retail
515,515,12,15,8,6,80,financial
516,516,3,26,2,4,205,pharmaceutical
517,517,6,15,5,2,42,software
518,518,14,23,6,14,183,retail
519,519,18,9,8,14,85,financial
520,520,13,15,7,14,111,financial
521,521,9,29,6,11,55,retail
522,522,2,11,1,23,201,education
523,523,14,16,9,26,189,realestate
524,524,3,22,5,17,212,financial
525,525,12,14,3,0,82,retail
526,526,0,2,4,12,121,realestate
527,527,17,29,6,11,201,retail
528,528,15,14,3,7,215,financial
529,529,10,26,7,28,159,financial
530,530,19,4,2,0,118,realestate
531,531,3,17,2,23,209,pharmaceutical
532,532,13,18,5,1,98,retail
533,533,2,21,8,20,218,software
534,534,19,23,2,27,95,education
535,535,19,26,9,26,105,education
536,536,5,27,9,26,135,financial
537,537,16,4,1,28,146,retail
538,538,2,21,1,12,215,financial
539,539,2,6,1,15,217,financial
540,540,11,27,3,14,92,realestate
541,541,7,20,2,6,151,software
542,542,6,8,0,26,80,realestate
543,543,17,13,2,26,196,education
544,544,6,26,5,23,69,financial
545,545,17,4,9,26,196,software
546,546,2,18,8,5,213,retail
547,547,2,18,7,14,207,pharmaceutical
548,548,8,16,2,16,140,software
549,549,8,4,1,19,159,education
550,550,6,5,9,19,52,financial
551,551,9,7,5,6,102,pharmaceutical
552,552,0,28,8,18,123,realestate
553,553,10,12,5,10,154,retail
554,554,19,11,5,29,111,software
555,555,3,23,0,1,191,software
556,556,18,9,0,9,71,retail
557,557,13,23,1,15,103,software
558,558,3,26,4,29,193,retail
559,559,11,28,7,27,101,software
560,560,19,26,8,17,104,retail
561,561,1,16,0,7,228,education
562,562,3,3,6,3,211,financial
563,563,9,0,4,24,76,realestate
564,564,13,14,4,7,92,retail
565,565,12,9,4,28,109,retail
566,566,9,9,3,9,43,education
567,567,17,8,0,22,190,retail
568,568,9,23,5,2,73,pharmaceutical
569,569,12,1,9,11,103,financial
570,570,2,24,5,25,214,education
571,571,13,6,2,26,120,retail
572,572,16,22,1,20,154,education
573,573,4,0,6,14,188,pharmaceutical
574,574,6,23,8,9,47,education
575,575,15,29,1,16,192,retail
576,576,5,13,1,12,98,realestate
577,577,0,15,3,29,122,software
578,578,12,7,4,19,84,financial
579,579,1,18,1,22,226,education
580,580,4,19,2,4,157,software
581,581,10,14,0,18,99,retail
582,582,1,5,0,7,217,retail
583,583,7,11,8,8,157,education
584,584,2,24,2,29,216,pharmaceutical
585,585,3,16,9,13,180,software
586,586,3,7,2,19,173,pharmaceutical
587,587,12,22,8,18,97,pharmaceutical
588,588,17,13,6,15,199,education
589,589,18,12,5,8,99,realestate
590,590,2,2,6,28,212,realestate
591,591,1,5,1,25,184,retail
592,592,6,19,9,21,71,retail
593,593,13,7,8,19,142,software
594,594,14,7,8,9,178,education
595,595,15,7,0,4,205,software
596,596,2,21,9,26,201,financial
597,597,7,24,3,2,141,pharmaceutical
598,598,10,24,8,16,132,realestate
599,599,4,22,1,27,166,pharmaceutical
600,600,9,1,1,16,64,education
601,601,6,12,6,16,50,realestate
602,602,11,11,9,8,138,education
603,603,17,9,6,0,183,financial
604,604,15,15,8,2,205,software
605,605,3,17,3,18,174,financial
606,606,9,1,7,16,55,financial
607,607,6,11,8,24,48,retail
608,608,9,8,4,10,75,education
609,609,18,5,8,12,71,retail
610,610,2,17,6,25,215,software
611,611,19,16,5,14,85,education
612,612,8,2,0,23,155,financial
613,613,19,23,3,15,113,retail
614,614,0,20,1,0,123,education
615,615,7,15,0,1,139,software
616,616,13,0,5,13,123,retail
617,617,3,8,7,22,165,pharmaceutical
618,618,5,13,1,25,100,education
619,619,0,7,1,8,120,realestate
620,620,9,24,4,27,67,financial
621,621,8,27,8,20,133,retail
622,622,2,27,9,12,204,retail
623,623,3,17,0,4,212,financial
624,624,9,3,3,21,73,pharmaceutical
625,625,11,23,5,19,114,software
626,626,1,19,1,6,194,education
627,627,14,9,7,27,190,realestate
628,628,5,26,3,18,120,financial
629,629,7,12,4,13,139,pharmaceutical
630,630,4,8,7,2,152,realestate
631,631,7,4,0,11,128,financial
632,632,5,13,3,13,139,software
633,633,14,28,0,28,197,realestate
634,634,3,11,6,11,199,education
635,635,10,26,6,13,102,retail
636,636,13,14,2,11,142,realestate
637,637,0,18,3,6,122,retail
638,638,11,28,9,15,109,realestate
639,639,7,15,9,22,160,pharmaceutical
640,640,19,5,5,22,86,realestate
641,641,7,13,2,20,162,realestate
642,642,14,11,6,23,194,pharmaceutical
643,643,19,24,2,23,102,education
644,644,16,29,4,19,154,software
645,645,8,4,3,14,204,retail
646,646,3,16,4,20,192,retail
647,647,6,5,5,0,71,pharmaceutical
648,648,19,19,7,9,118,retail
649,649,16,0,1,4,151,financial
650,650,5,8,5,1,136,software
651,651,15,10,0,3,203,pharmaceutical
652,652,1,26,0,22,222,pharmaceutical
653,653,10,20,3,6,111,pharmaceutical
654,654,19,3,5,3,119,realestate
655,655,16,19,3,5,150,software
656,656,6,13,1,27,77,pharmaceutical
657,657,1,13,3,16,158,pharmaceutical
658,658,3,21,8,27,192,realestate
659,659,8,27,7,2,153,pharmaceutical
660,660,6,3,8,29,70,financial
661,661,5,0,7,16,134,realestate
662,662,1,0,0,3,235,software
663,663,3,27,2,14,167,software
664,664,9,25,9,4,73,education
665,665,16,15,9,7,157,retail
666,666,12,22,3,18,104,realestate
667,667,16,6,4,21,154,education
668,668,13,5,5,14,112,financial
669,669,16,13,3,15,162,pharmaceutical
670,670,16,13,9,4,151,retail
671,671,14,5,2,1,195,software
672,672,5,9,7,23,119,retail
673,673,15,1,5,23,192,realestate
674,674,15,21,8,10,208,financial
675,675,1,7,9,19,165,financial
676,676,3,24,5,28,187,pharmaceutical
677,677,0,24,1,22,122,pharmaceutical
678,678,13,23,5,22,90,retail
679,679,0,12,5,0,119,realestate
680,680,6,8,9,22,72,software
681,681,4,0,3,1,160,pharmaceutical
682,682,19,7,4,23,105,retail
683,683,10,12,5,7,155,realestate
684,684,2,3,8,27,214,education
685,685,13,20,2,19,134,realestate
686,686,5,17,9,24,124,software
687,687,9,6,5,0,74,software
688,688,2,22,9,7,212,realestate
689,689,16,8,2,20,149,realestate
690,690,0,2,4,28,119,software
691,691,11,1,6,22,107,education
692,692,16,18,6,27,158,retail
693,693,0,21,2,14,119,financial
694,694,3,1,8,6,206,education
695,695,19,28,0,9,76,software
696,696,17,18,1,19,183,pharmaceutical
697,697,12,11,5,8,81,pharmaceutical
698,698,5,17,7,15,128,realestate
699,699,16,5,2,21,161,education
700,700,4,23,7,28,161,software
701,701,2,20,6,25,217,education
702,702,4,18,8,21,157,pharmaceutical
703,703,2,0,4,21,204,software
704,704,0,2,8,1,120,education
705,705,18,1,3,28,82,realestate
706,706,9,7,5,4,92,pharmaceutical
707,707,2,18,5,20,207,software
708,708,9,1,1,29,81,retail
709,709,11,13,3,19,105,realestate
710,710,4,6,0,5,178,software
711,711,4,8,5,16,175,financial
712,712,12,12,4,17,92,software
713,713,5,5,4,20,138,software
714,714,12,6,0,27,91,realestate
715,715,15,11,4,25,184,education
716,716,8,5,8,12,149,retail
717,717,7,20,4,25,129,realestate
718,718,3,9,1,15,182,realestate
719,719,14,7,4,4,188,education
720,720,17,0,3,15,188,education
721,721,0,6,1,11,121,realestate
722,722,8,17,8,1,120,pharmaceutical
723,723,14,2,8,16,181,realestate
724,724,0,21,5,7,121,retail
725,725,5,19,8,24,128,financial
726,726,2,11,2,5,216,education
727,727,12,14,2,25,103,education
728,728,17,6,6,22,190,retail
729,729,2,15,0,13,211,retail
730,730,18,3,4,1,70,education
731,731,4,10,9,6,161,retail
732,732,5,16,1,28,135,software
733,733,18,8,0,23,56,financial
734,734,14,15,8,18,180,software
735,735,16,10,5,20,159,realestate
736,736,4,4,3,8,174,financial
737,737,8,16,5,27,119,retail
738,738,13,8,9,23,118,education
739,739,12,23,4,10,87,financial
740,740,19,24,1,16,79,realestate
741,741,10,13,3,4,104,education
742,742,18,19,7,7,102,financial
743,743,19,25,1,27,101,realestate
744,744,8,13,8,20,110,financial
745,745,9,7,0,23,90,pharmaceutical
746,746,11,2,0,16,134,education
747,747,12,22,9,8,107,pharmaceutical
748,748,14,25,7,17,183,realestate
749,749,15,3,0,20,203,realestate
750,750,19,27,7,16,119,retail
751,751,6,9,9,9,55,financial
752,752,15,7,2,9,207,software
753,753,1,25,5,21,202,pharmaceutical
754,754,12,23,1,4,109,financial
755,755,9,3,7,14,50,financial
756,756,1,14,2,12,209,retail
757,757,11,13,0,21,115,financial
758,758,12,22,2,17,105,retail
759,759,10,14,3,28,120,financial
760,760,5,25,8,18,127,software
761,761,14,18,7,5,199,software
762,762,8,12,8,28,159,software
763,763,14,29,1,26,196,software
764,764,9,29,6,3,59,realestate
765,765,5,16,6,9,116,education
766,766,15,20,9,4,207,financial
767,767,12,21,9,2,104,education
768,768,13,29,2,19,136,software
769,769,13,25,2,12,141,pharmaceutical
770,770,5,11,0,23,102,financial
771,771,9,2,9,9,64,education
772,772,17,12,0,27,188,software
773,773,8,23,4,0,162,realestate
774,774,12,10,4,6,88,education
775,775,17,22,4,25,184,realestate
776,776,5,16,8,27,111,pharmaceutical
777,777,1,18,1,1,209,pharmaceutical
778,778,16,28,1,28,150,pharmaceutical
779,779,4,26,4,23,147,software
780,780,16,7,2,2,148,pharmaceutical
781,781,2,29,6,9,215,financial
782,782,15,10,7,19,188,software
783,783,14,16,0,13,191,financial
784,784,5,17,3,9,135,realestate
785,785,6,25,5,23,86,pharmaceutical
786,786,19,10,7,1,75,pharmaceutical
787,787,16,16,0,28,162,education
788,788,8,8,4,10,119,realestate
789,789,2,26,3,9,210,education
790,790,11,22,9,11,121,pharmaceutical
791,791,17,3,4,6,205,realestate
792,792,2,18,4,9,202,realestate
793,793,11,0,7,22,91,software
794,794,18,11,2,28,79,education
795,795,17,26,3,11,196,financial
796,796,19,7,9,14,101,financial
797,797,11,24,1,4,124,realestate
798,798,3,9,1,25,172,retail
799,799,17,22,2,13,194,education
800,800,4,11,2,15,182,financial
801,801,1,16,6,20,160,pharmaceutical
802,802,4,14,7,24,161,realestate
803,803,15,1,7,27,178,realestate
804,804,6,25,2,21,72,financial
805,805,6,24,7,12,55,retail
806,806,5,23,6,26,98,financial
807,807,17,9,7,29,190,software
808,808,5,14,2,27,124,pharmaceutical
809,809,17,8,2,22,194,realestate
810,810,0,4,6,13,122,software
811,811,14,21,2,2,189,education
812,812,15,17,5,1,195,software
813,813,11,4,7,15,108,software
814,814,11,3,7,16,93,software
815,815,18,27,6,23,88,retail
816,816,17,27,8,21,187,software
817,817,5,25,5,23,102,realestate
818,818,5,24,3,12,116,financial
819,819,7,17,9,6,121,realestate
820,820,8,5,7,2,116,realestate
821,821,11,10,4,5,116,software
822,822,16,27,2,13,149,retail
823,823,8,10,9,22,152,education
824,824,10,3,3,27,156,pharmaceutical
825,825,19,9,8,16,105,financial
826,826,8,1,4,25,161,pharmaceutical
827,827,13,2,8,8,134,financial
828,828,0,22,5,7,122,retail
829,829,18,25,9,15,93,financial
830,830,10,17,8,0,152,financial
831,831,8,6,8,9,208,realestate
832,832,15,21,0,29,198,realestate
833,833,3,19,1,27,191,retail
834,834,7,10,3,7,166,retail
835,835,12,20,6,2,104,realestate
836,836,18,1,9,22,75,software
837,837,7,28,1,25,141,realestate
838,838,3,13,3,22,217,realestate
839,839,8,15,5,29,124,retail
840,840,15,10,9,24,185,retail
841,841,9,3,9,22,105,realestate
842,842,18,29,7,8,53,pharmaceutical
843,843,9,4,3,29,96,software
844,844,15,23,7,29,180,software
845,845,19,13,6,11,81,pharmaceutical
846,846,13,9,8,22,90,pharmaceutical
847,847,1,3,1,25,173,realestate
848,848,12,2,2,29,107,software
849,849,17,26,8,15,186,pharmaceutical
850,850,15,21,9,29,194,financial
851,851,11,0,3,25,97,software
852,852,14,21,9,25,180,education
853,853,9,13,1,27,66,pharmaceutical
854,854,7,16,5,8,160,financial
855,855,4,8,6,4,177,retail
856,856,2,21,3,2,205,pharmaceutical
857,857,12,14,8,17,105,education
858,858,3,5,4,2,209,realestate
859,859,10,27,2,26,124,software
860,860,3,4,7,2,178,software
861,861,17,6,3,21,202,realestate
862,862,11,22,1,10,117,education
863,863,13,13,8,9,95,realestate
864,864,3,7,6,10,176,financial
865,865,13,15,7,8,137,realestate
866,866,16,22,5,4,150,retail
867,867,15,7,0,14,181,software
868,868,3,16,5,20,185,financial
869,869,19,25,7,6,87,education
870,870,12,8,2,13,102,financial
871,871,10,10,1,23,141,realestate
872,872,6,13,6,28,61,pharmaceutical
873,873,13,5,8,7,123,software
874,874,2,0,3,15,211,retail
875,875,6,8,6,23,54,retail
876,876,15,17,8,16,219,realestate
877,877,12,11,5,7,80,software
878,878,19,29,2,13,94,pharmaceutical
879,879,16,17,0,20,147,education
880,880,11,6,1,29,127,software
881,881,1,12,1,10,229,education
882,882,8,10,0,5,140,financial
883,883,2,17,3,12,201,retail
884,884,18,0,7,4,94,retail
885,885,17,26,6,18,185,realestate
886,886,8,7,1,21,126,software
887,887,16,4,2,12,147,realestate
888,888,6,4,9,19,83,pharmaceutical
889,889,4,0,5,15,159,realestate
890,890,6,9,2,9,78,retail
891,891,0,8,6,1,122,education
892,892,5,2,1,23,138,financial
893,893,5,3,2,3,99,pharmaceutical
894,894,19,15,1,14,82,education
895,895,3,29,8,23,191,retail
896,896,9,4,0,14,95,software
897,897,17,20,4,26,188,pharmaceutical
898,898,6,21,8,9,44,realestate
899,899,13,14,6,7,91,education
900,900,18,6,9,18,54,software
901,901,7,4,1,28,148,realestate
902,902,5,14,1,5,99,pharmaceutical
903,903,2,18,3,0,216,education
904,904,8,8,9,5,204,financial
905,905,13,3,9,11,138,financial
906,906,16,26,1,13,146,financial
907,907,6,21,2,15,39,financial
908,908,12,10,2,20,81,retail
909,909,17,0,1,0,190,education
910,910,6,24,2,12,49,software
911,911,14,23,0,11,181,education
912,912,8,25,7,29,139,software
913,913,18,5,6,12,65,retail
914,914,16,5,4,4,160,retail
915,915,10,9,0,12,112,education
916,916,7,10,9,6,130,realestate
917,917,2,0,0,16,208,software
918,918,18,9,0,25,86,education
919,919,5,19,9,23,108,realestate
920,920,7,19,2,1,159,financial
921,921,17,5,3,4,199,financial
922,922,17,19,0,11,195,pharmaceutical
923,923,4,25,7,22,168,financial
924,924,6,24,4,16,68,pharmaceutical
925,925,12,18,8,10,108,education
926,926,10,6,6,29,93,retail
927,927,7,3,4,29,130,retail
928,928,7,5,3,8,155,realestate
929,929,13,5,1,23,100,financial
930,930,13,28,7,28,123,realestate
931,931,12,14,8,2,101,software
932,932,5,19,8,18,123,financial
933,933,14,10,2,2,193,education
934,934,10,8,5,8,112,financial
935,935,17,14,2,4,188,realestate
936,936,0,25,2,26,120,pharmaceutical
937,937,1,29,8,28,230,software
938,938,13,17,8,9,133,education
939,939,6,7,5,2,50,software
940,940,17,12,0,0,192,pharmaceutical
941,941,3,5,9,28,213,pharmaceutical
942,942,18,7,4,18,103,education
943,943,9,20,5,28,69,realestate
944,944,13,14,6,0,89,financial
945,945,1,28,7,18,190,software
946,946,15,22,4,8,192,pharmaceutical
947,947,18,27,3,4,88,retail
948,948,9,6,5,2,87,education
949,949,0,1,4,6,120,realestate
950,950,11,10,3,25,117,education
951,951,7,8,1,12,142,financial
952,952,11,3,6,3,124,software
953,953,8,15,5,14,153,realestate
954,954,8,27,7,15,115,financial
955,955,5,16,6,16,133,education
956,956,17,2,0,18,200,financial
957,957,6,6,8,21,78,financial
958,958,8,1,5,15,111,retail
959,959,0,11,4,10,123,retail
960,960,11,5,0,18,106,financial
961,961,19,18,0,6,86,education
962,962,2,23,1,13,216,software
963,963,10,6,1,15,88,financial
964,964,4,26,2,24,144,software
965,965,5,18,4,23,132,pharmaceutical
966,966,19,8,6,0,107,retail
967,967,19,26,4,18,119,education
968,968,2,3,0,2,215,software
969,969,12,17,0,28,108,retail
970,970,4,4,4,7,149,education
971,971,5,14,0,14,140,pharmaceutical
972,972,3,29,0,22,166,realestate
973,973,1,3,3,4,218,software
974,974,11,15,8,14,116,education
975,975,15,20,9,3,178,realestate
976,976,4,27,9,18,171,financial
977,977,0,26,2,28,122,financial
978,978,10,26,6,26,150,software
979,979,6,21,6,10,49,software
980,980,13,0,0,21,144,retail
981,981,0,19,3,20,123,realestate
982,982,5,14,2,4,99,education
983,983,9,9,4,25,61,education
984,984,7,6,7,9,162,retail
985,985,5,7,1,5,111,retail
986,986,0,24,9,14,119,retail
987,987,18,5,4,9,103,realestate
988,988,10,14,1,17,96,realestate
989,989,1,12,1,9,164,education
990,990,9,13,7,3,98,software
991,991,0,25,0,6,120,pharmaceutical
992,992,15,21,1,27,212,pharmaceutical
993,993,0,17,5,22,122,retail
994,994,15,10,6,2,208,education
995,995,1,24,0,21,222,education
996,996,18,27,3,1,87,pharmaceutical
997,997,3,2,4,8,185,financial
998,998,19,20,6,2,81,realestate
999,999,11,2,5,6,101,software
1000,1000,18,13,6,0,98,financial
1001,1001,8,5,8,21,153,realestate
1002,1002,17,6,4,1,191,financial
1003,1003,6,22,7,25,75,realestate
1004,1004,5,19,7,24,94,retail
1005,1005,4,7,2,22,145,realestate
1006,1006,8,19,5,23,132,pharmaceutical
1007,1007,16,12,8,10,162,software
1008,1008,14,24,1,7,179,realestate
1009,1009,12,12,5,26,93,software
1010,1010,16,20,0,12,151,financial
1011,1011,15,14,8,8,197,education
1012,1012,11,10,5,7,122,realestate
1013,1013,1,13,2,7,231,software
1014,1014,12,26,4,17,95,financial
1015,1015,0,23,8,14,119,retail
1016,1016,16,15,8,6,153,education
1017,1017,4,25,6,5,169,realestate
1018,1018,8,14,8,19,156,education
1019,1019,17,0,8,28,186,retail
1020,1020,18,14,4,15,101,education
1021,1021,4,20,1,9,180,education
1022,1022,4,18,6,2,159,education
1023,1023,16,12,8,29,158,realestate
1024,1024,9,15,5,12,59,software
1025,1025,0,23,9,27,121,education
1026,1026,6,8,3,20,56,software
1027,1027,7,25,5,5,136,software
1028,1028,0,4,9,19,121,retail
1029,1029,4,14,5,22,195,software
1030,1030,3,29,5,5,188,retail
1031,1031,14,3,3,0,178,realestate
1032,1032,3,2,8,24,201,pharmaceutical
1033,1033,11,8,6,29,119,education
1034,1034,17,27,8,24,200,realestate
1035,1035,11,28,0,26,92,pharmaceutical
1036,1036,8,4,7,7,128,pharmaceutical
1037,1037,10,22,5,9,88,pharmaceutical
1038,1038,15,26,5,27,204,retail
1039,1039,17,15,8,26,183,software
1040,1040,12,2,9,28,79,realestate
1041,1041,1,13,9,6,202,education
1042,1042,1,5,5,20,159,realestate
1043,1043,3,29,8,10,179,retail
1044,1044,2,0,6,26,206,retail
1045,1045,16,22,3,17,148,realestate
1046,1046,18,14,7,28,98,education
1047,1047,12,28,3,20,106,pharmaceutical
1048,1048,16,25,0,29,147,realestate
1049,1049,13,7,2,2,87,realestate
1050,1050,12,5,5,18,81,realestate
1051,1051,13,16,1,5,95,education
1052,1052,17,0,3,13,202,realestate
1053,1053,16,25,3,17,148,software
1054,1054,18,2,5,28,95,education
1055,1055,3,28,4,3,179,financial
1056,1056,7,0,1,13,144,financial
1057,1057,7,12,6,27,121,financial
1058,1058,7,28,8,25,153,education
1059,1059,7,26,3,1,141,financial
1060,1060,14,25,5,22,197,realestate
1061,1061,1,4,7,15,190,retail
1062,1062,11,15,2,21,138,pharmaceutical
1063,1063,12,4,6,1,90,realestate
1064,1064,15,11,1,9,205,realestate
1065,1065,6,17,6,6,43,financial
1066,1066,11,4,7,10,106,realestate
1067,1067,12,13,3,13,106,realestate
1068,1068,11,23,6,17,113,education
1069,1069,18,26,3,24,58,financial
1070,1070,10,3,3,25,146,education
1071,1071,6,26,6,27,61,education
1072,1072,13,21,8,10,103,software
1073,1073,11,14,1,8,112,realestate
1074,1074,6,22,8,24,75,retail
1075,1075,12,6,1,3,101,education
1076,1076,18,8,5,4,85,education
1077,1077,12,21,1,25,97,software
1078,1078,13,8,1,26,101,realestate
1079,1079,13,5,7,29,114,pharmaceutical
1080,1080,16,5,9,16,162,retail
1081,1081,8,2,7,2,191,software
1082,1082,16,8,8,6,151,retail
1083,1083,11,5,3,10,114,software
1084,1084,14,9,5,17,186,software
1085,1085,11,7,4,20,99,retail
1086,1086,7,19,8,26,133,retail
1087,1087,11,4,5,22,94,education
1088,1088,11,13,5,0,91,software
1089,1089,13,15,1,20,144,software
1090,1090,9,11,0,5,59,retail
1091,1091,17,3,6,5,188,financial
1092,1092,18,8,6,24,96,realestate
1093,1093,5,10,5,2,106,realestate
1094,1094,15,8,3,26,200,financial
1095,1095,0,2,5,24,119,education
1096,1096,9,4,1,24,66,retail
1097,1097,10,28,4,10,140,education
1098,1098,19,28,8,1,112,pharmaceutical
1099,1099,19,21,4,5,102,education
1100,1100,15,20,3,14,220,financial
1101,1101,6,19,2,4,60,pharmaceutical
1102,1102,13,9,6,8,135,financial
1103,1103,7,22,0,15,127,pharmaceutical
1104,1104,0,14,8,22,121,pharmaceutical
1105,1105,2,5,9,12,214,retail
1106,1106,10,5,8,0,94,retail
1107,1107,12,20,2,16,99,financial
1108,1108,0,1,7,7,121,realestate
1109,1109,5,22,7,28,106,software
1110,1110,2,8,4,14,210,education
1111,1111,18,0,1,16,98,realestate
1112,1112,13,24,9,22,115,pharmaceutical
1113,1113,8,5,9,17,171,realestate
1114,1114,5,4,0,13,133,software
1115,1115,13,0,9,11,111,education
1116,1116,5,21,3,14,98,software
1117,1117,13,15,2,2,113,retail
1118,1118,15,23,7,6,181,realestate
1119,1119,13,22,3,4,119,financial
1120,1120,11,22,7,7,129,software
1121,1121,2,13,4,6,208,software
1122,1122,4,28,1,22,160,realestate
1123,1123,6,13,6,14,57,realestate
1124,1124,7,12,8,8,135,software
1125,1125,13,20,4,3,115,financial
1126,1126,2,11,1,7,214,financial
1127,1127,3,22,6,3,200,financial
1128,1128,1,26,1,23,225,education
1129,1129,1,0,2,6,199,software
1130,1130,13,9,4,5,127,pharmaceutical
1131,1131,5,27,8,5,135,realestate
1132,1132,19,9,1,23,98,education
1133,1133,10,1,6,6,159,realestate
1134,1134,18,7,0,8,55,realestate
1135,1135,19,11,0,10,118,pharmaceutical
1136,1136,3,1,8,4,167,pharmaceutical
1137,1137,13,12,5,0,100,software
1138,1138,13,9,2,22,92,financial
1139,1139,13,23,1,18,104,pharmaceutical
1140,1140,8,17,6,18,146,retail
1141,1141,4,15,7,25,149,realestate
1142,1142,1,16,8,19,165,education
1143,1143,15,26,9,2,196,realestate
1144,1144,9,7,7,14,105,education
1145,1145,11,12,2,4,93,realestate
1146,1146,14,6,7,27,191,financial
1147,1147,9,25,0,8,88,financial
1148,1148,16,16,5,26,150,education
1149,1149,9,20,0,18,63,pharmaceutical
1150,1150,13,7,0,13,124,retail
1151,1151,13,11,0,7,90,education
1152,1152,13,22,2,10,107,financial
1153,1153,5,22,1,12,107,financial
1154,1154,12,3,6,28,101,financial
1155,1155,12,4,1,1,96,retail
1156,1156,15,11,8,24,187,pharmaceutical
1157,1157,8,13,5,9,191,realestate
1158,1158,10,12,9,20,111,software
1159,1159,12,14,7,6,93,retail
1160,1160,19,12,4,27,97,software
1161,1161,4,29,5,28,137,realestate
1162,1162,18,14,0,6,90,financial
1163,1163,11,4,3,5,102,pharmaceutical
1164,1164,8,14,0,16,127,retail
1165,1165,2,29,2,13,201,retail
1166,1166,11,11,0,22,95,software
1167,1167,15,15,8,22,201,software
1168,1168,8,5,2,19,187,pharmaceutical
1169,1169,6,18,3,18,73,retail
1170,1170,15,28,7,26,200,financial
1171,1171,6,19,3,11,43,software
1172,1172,5,2,1,22,122,realestate
1173,1173,13,9,6,5,110,education
1174,1174,10,17,7,26,122,retail
1175,1175,2,8,5,4,200,financial
1176,1176,18,7,8,4,93,software
1177,1177,11,15,6,23,106,pharmaceutical
1178,1178,15,11,6,22,191,realestate
1179,1179,13,4,6,3,104,software
1180,1180,8,18,5,27,139,software
1181,1181,15,8,5,18,207,retail
1182,1182,11,16,9,29,110,realestate
1183,1183,2,25,3,3,214,financial
1184,1184,4,3,9,5,144,software
1185,1185,0,2,1,27,122,software
1186,1186,9,29,1,20,62,education
1187,1187,17,26,5,22,203,financial
1188,1188,2,7,6,10,202,realestate
1189,1189,11,19,8,26,133,realestate
1190,1190,1,1,3,16,230,retail
1191,1191,0,1,8,16,123,realestate
1192,1192,11,15,0,25,134,retail
1193,1193,7,25,1,11,156,retail
1194,1194,17,4,4,20,193,realestate
1195,1195,12,16,0,28,99,financial
1196,1196,10,9,6,25,142,software
1197,1197,11,5,6,4,138,software
1198,1198,6,23,7,18,61,pharmaceutical
1199,1199,10,3,1,21,117,software
1200,1200,5,25,5,26,129,education
1201,1201,0,10,1,3,123,financial
1202,1202,5,5,8,25,96,software
1203,1203,16,17,3,5,148,financial
1204,1204,4,0,1,14,156,retail
1205,1205,10,9,3,27,151,education
1206,1206,12,18,5,1,92,education
1207,1207,9,15,1,25,105,software
1208,1208,14,22,8,11,191,retail
1209,1209,10,22,5,7,151,software
1210,1210,17,9,1,11,201,financial
1211,1211,11,14,4,15,117,retail
1212,1212,12,29,3,3,82,software
1213,1213,12,16,9,25,88,pharmaceutical
1214,1214,15,22,8,26,192,retail
1215,1215,13,29,8,26,98,education
1216,1216,11,20,6,8,136,pharmaceutical
1217,1217,2,13,3,29,211,retail
1218,1218,0,0,9,24,119,software
1219,1219,8,10,5,20,187,pharmaceutical
1220,1220,5,18,6,3,116,software
1221,1221,8,17,8,13,130,realestate
1222,1222,16,24,6,4,149,financial
1223,1223,11,13,1,27,124,pharmaceutical
1224,1224,17,10,5,26,201,pharmaceutical
1225,1225,13,21,2,21,89,realestate
1226,1226,14,29,5,27,197,financial
1227,1227,0,22,4,2,122,financial
1228,1228,16,0,6,0,146,software
1229,1229,9,14,8,18,63,realestate
1230,1230,17,6,5,5,191,financial
1231,1231,5,21,1,2,126,financial
1232,1232,1,9,6,27,168,financial
1233,1233,2,23,2,25,206,retail
1234,1234,18,3,1,15,101,software
1235,1235,13,5,6,3,132,financial
1236,1236,4,19,4,0,182,retail
1237,1237,1,8,2,2,177,education
1238,1238,1,25,8,5,231,financial
1239,1239,8,8,3,26,137,education
1240,1240,11,1,8,14,138,realestate
1241,1241,2,24,2,19,206,education
1242,1242,11,17,3,22,129,education
1243,1243,18,25,2,17,98,financial
1244,1244,17,0,0,8,204,software
1245,1245,15,18,3,29,197,financial
1246,1246,6,9,9,19,41,financial
1247,1247,9,8,7,16,90,retail
1248,1248,12,15,4,1,94,pharmaceutical
1249,1249,18,8,4,3,83,software
1250,1250,16,9,6,28,155,financial
1251,1251,9,12,1,18,82,retail
1252,1252,16,2,3,27,152,financial
1253,1253,18,10,4,18,101,realestate
1254,1254,6,24,6,2,80,retail
1255,1255,13,23,9,26,126,education
1256,1256,18,10,2,20,59,financial
1257,1257,12,22,7,27,108,software
1258,1258,18,2,7,18,58,financial
1259,1259,15,10,4,10,205,realestate
1260,1260,14,9,8,12,198,software
1261,1261,10,8,4,12,112,financial
1262,1262,4,8,6,21,165,pharmaceutical
1263,1263,12,17,6,27,91,retail
1264,1264,12,20,3,13,78,realestate
1265,1265,1,6,2,13,155,financial
1266,1266,6,18,2,20,65,financial
1267,1267,19,16,9,18,74,software
1268,1268,18,1,6,2,51,financial
1269,1269,18,22,6,8,99,realestate
1270,1270,19,16,5,13,87,education
1271,1271,17,26,2,10,192,financial
1272,1272,8,11,3,18,159,software
1273,1273,8,0,0,21,207,retail
1274,1274,17,19,1,5,196,software
1275,1275,14,12,5,9,186,realestate
1276,1276,6,3,9,9,59,software
1277,1277,4,4,2,17,143,retail
1278,1278,11,9,8,24,111,retail
1279,1279,15,1,8,27,193,realestate
1280,1280,6,24,6,10,77,software
1281,1281,1,22,5,2,222,financial
1282,1282,2,9,9,8,201,realestate
1283,1283,8,25,6,2,156,financial
1284,1284,18,3,9,0,103,pharmaceutical
1285,1285,6,0,8,16,50,financial
1286,1286,17,11,1,5,195,education
1287,1287,5,6,4,25,126,software
1288,1288,12,23,2,5,105,pharmaceutical
1289,1289,15,20,8,9,203,software
1290,1290,12,22,1,15,105,retail
1291,1291,17,29,9,18,204,retail
1292,1292,9,25,0,22,47,education
1293,1293,12,22,1,12,93,retail
1294,1294,9,17,2,20,61,realestate
1295,1295,11,22,8,12,120,pharmaceutical
1296,1296,13,6,0,3,133,realestate
1297,1297,14,14,8,25,187,pharmaceutical
1298,1298,17,28,4,18,201,pharmaceutical
1299,1299,12,12,4,19,109,pharmaceutical
1300,1300,1,21,5,14,196,software
1301,1301,4,3,4,3,195,pharmaceutical
1302,1302,3,27,6,17,165,financial
1303,1303,2,12,4,28,211,financial
1304,1304,0,10,7,3,122,pharmaceutical
1305,1305,16,24,5,20,146,financial
1306,1306,8,22,4,18,136,financial
1307,1307,0,6,5,25,120,education
1308,1308,4,4,2,7,160,education
1309,1309,8,25,9,11,166,education
1310,1310,16,4,7,12,150,pharmaceutical
1311,1311,3,5,5,6,189,financial
1312,1312,17,28,2,3,204,pharmaceutical
1313,1313,3,1,9,2,185,financial
1314,1314,0,0,1,2,123,financial
1315,1315,13,5,7,23,132,financial
1316,1316,7,26,1,9,154,software
1317,1317,2,12,1,27,208,retail
1318,1318,7,7,9,12,141,retail
1319,1319,12,9,0,12,89,software
1320,1320,8,28,3,17,181,education
1321,1321,13,21,6,13,137,financial
1322,1322,4,8,8,0,132,realestate
1323,1323,7,7,1,11,145,realestate
1324,1324,17,24,9,17,202,education
1325,1325,15,19,6,12,181,education
1326,1326,18,24,9,21,101,financial
1327,1327,5,18,9,10,134,financial
1328,1328,2,27,0,13,218,software
1329,1329,11,17,6,8,128,financial
1330,1330,16,5,1,11,149,retail
1331,1331,14,23,8,24,178,pharmaceutical
1332,1332,18,17,2,21,79,pharmaceutical
1333,1333,11,0,2,26,131,pharmaceutical
1334,1334,4,28,4,8,189,software
1335,1335,15,11,7,19,205,pharmaceutical
1336,1336,9,15,2,1,82,retail
1337,1337,10,10,9,9,124,retail
1338,1338,14,5,3,1,182,pharmaceutical
1339,1339,6,17,8,21,64,pharmaceutical
1340,1340,14,29,3,16,193,education
1341,1341,18,28,7,14,71,software
1342,1342,19,3,6,25,88,financial
1343,1343,16,19,6,11,149,pharmaceutical
1344,1344,12,11,2,0,82,education
1345,1345,5,15,3,8,107,pharmaceutical
1346,1346,12,14,9,9,92,realestate
1347,1347,12,22,3,21,80,retail
1348,1348,0,27,5,16,119,retail
1349,1349,2,26,4,28,203,software
1350,1350,9,7,2,18,82,software
1351,1351,5,28,7,20,116,education
1352,1352,2,24,6,19,218,realestate
1353,1353,16,6,9,15,152,retail
1354,1354,14,8,5,2,187,realestate
1355,1355,19,9,3,16,96,pharmaceutical
1356,1356,1,16,4,9,162,realestate
1357,1357,18,9,8,29,101,financial
1358,1358,0,8,0,22,119,pharmaceutical
1359,1359,10,28,6,28,105,software
1360,1360,14,3,6,14,198,realestate
1361,1361,9,1,6,4,50,financial
1362,1362,6,7,8,18,44,retail
1363,1363,0,19,9,1,120,pharmaceutical
1364,1364,1,9,7,4,235,education
1365,1365,4,26,1,1,138,financial
1366,1366,4,4,9,24,168,retail
1367,1367,10,10,7,27,98,realestate
1368,1368,6,2,7,10,40,software
1369,1369,6,21,3,14,70,education
1370,1370,9,12,9,27,97,pharmaceutical
1371,1371,2,6,7,17,199,education
1372,1372,14,26,0,16,192,pharmaceutical
1373,1373,19,3,0,27,85,software
1374,1374,13,21,9,19,89,retail
1375,1375,19,0,1,25,98,financial
1376,1376,1,12,1,19,180,education
1377,1377,13,12,1,18,89,software
1378,1378,1,29,0,1,235,pharmaceutical
1379,1379,14,20,9,0,199,financial
1380,1380,17,18,3,27,190,pharmaceutical
1381,1381,5,28,1,8,97,pharmaceutical
1382,1382,15,1,1,2,215,software
1383,1383,17,16,1,2,201,software
1384,1384,18,27,4,9,76,software
1385,1385,6,29,9,16,52,realestate
1386,1386,3,18,0,9,167,financial
1387,1387,3,17,2,13,175,education
1388,1388,14,16,3,17,188,education
1389,1389,5,25,3,3,102,retail
1390,1390,19,24,4,0,95,realestate
1391,1391,12,28,0,12,108,software
1392,1392,5,16,7,9,97,education
1393,1393,4,25,8,8,188,realestate
1394,1394,16,29,9,7,158,education
1395,1395,18,20,7,1,90,pharmaceutical
1396,1396,0,7,8,24,119,financial
1397,1397,18,27,2,22,91,financial
1398,1398,13,19,3,16,121,education
1399,1399,17,20,2,5,190,realestate
1400,1400,18,15,3,21,102,software
1401,1401,12,29,8,23,99,education
1402,1402,17,26,7,23,188,retail
1403,1403,15,20,4,9,207,realestate
1404,1404,8,13,8,19,197,education
1405,1405,6,25,2,19,42,retail
1406,1406,9,27,2,1,43,financial
1407,1407,4,15,1,6,177,financial
1408,1408,19,5,8,15,93,software
1409,1409,7,19,9,14,160,pharmaceutical
1410,1410,12,7,5,15,104,software
1411,1411,2,6,7,14,205,financial
1412,1412,17,14,6,5,190,financial
1413,1413,15,28,3,0,202,financial
1414,1414,8,15,0,19,114,pharmaceutical
1415,1415,16,2,8,14,153,realestate
1416,1416,17,16,3,19,189,financial
1417,1417,1,8,6,3,197,realestate
1418,1418,2,10,6,5,213,education
1419,1419,14,23,3,27,182,pharmaceutical
1420,1420,19,4,2,16,117,financial
1421,1421,5,19,4,18,112,realestate
1422,1422,11,22,5,17,94,realestate
1423,1423,9,18,7,8,96,retail
1424,1424,19,27,9,0,77,retail
1425,1425,4,20,4,5,194,education
1426,1426,4,10,9,22,175,education
1427,1427,5,0,8,13,102,retail
1428,1428,2,5,9,13,212,financial
1429,1429,13,27,9,28,139,financial
1430,1430,0,9,9,22,121,retail
1431,1431,16,10,9,15,162,education
1432,1432,3,1,4,20,209,realestate
1433,1433,16,22,2,6,155,retail
1434,1434,4,2,4,7,183,software
1435,1435,9,17,3,20,85,pharmaceutical
1436,1436,13,19,0,3,134,pharmaceutical
1437,1437,19,23,4,23,95,retail
1438,1438,5,7,3,1,101,realestate
1439,1439,11,3,8,0,132,education
1440,1440,18,9,7,0,103,pharmaceutical
1441,1441,1,17,0,18,178,pharmaceutical
1442,1442,16,2,7,6,162,education
1443,1443,0,12,8,23,123,software
1444,1444,9,26,9,18,99,financial
1445,1445,5,2,1,27,110,retail
1446,1446,10,4,4,0,117,financial
1447,1447,6,3,5,22,52,realestate
1448,1448,1,7,9,0,176,financial
1449,1449,11,6,0,27,138,pharmaceutical
1450,1450,11,25,8,17,137,retail
1451,1451,16,17,1,12,149,realestate
1452,1452,17,20,2,16,199,realestate
1453,1453,9,9,4,17,67,education
1454,1454,15,11,8,10,196,software
1455,1455,18,9,2,14,71,education
1456,1456,12,28,8,12,95,realestate
1457,1457,5,12,5,9,93,retail
1458,1458,12,29,0,13,96,retail
1459,1459,11,26,4,29,95,pharmaceutical
1460,1460,17,6,4,23,188,education
1461,1461,6,23,5,15,60,financial
1462,1462,0,15,3,13,119,financial
1463,1463,5,1,6,17,123,retail
1464,1464,0,1,9,27,120,financial
1465,1465,10,26,6,25,151,realestate
1466,1466,12,7,1,16,83,pharmaceutical
1467,1467,16,3,5,17,150,retail
1468,1468,16,2,8,29,146,pharmaceutical
1469,1469,19,29,9,28,102,education
1470,1470,7,13,8,26,153,education
1471,1471,3,28,8,28,185,software
1472,1472,6,9,5,26,72,software
1473,1473,18,22,8,13,94,realestate
1474,1474,13,28,4,5,146,realestate
1475,1475,0,17,5,9,121,pharmaceutical
1476,1476,8,2,2,24,150,retail
1477,1477,10,2,0,12,94,realestate
1478,1478,15,26,2,27,187,realestate
1479,1479,10,2,8,19,105,retail
1480,1480,11,18,9,7,115,realestate
1481,1481,13,6,7,13,130,realestate
1482,1482,14,15,7,8,195,retail
1483,1483,13,25,8,8,114,education
1484,1484,15,26,8,17,219,software
1485,1485,10,20,7,28,98,education
1486,1486,0,28,0,22,121,software
1487,1487,18,3,6,1,57,education
1488,1488,16,10,5,22,157,software
1489,1489,10,19,8,3,131,education
1490,1490,3,18,5,24,180,pharmaceutical
1491,1491,14,0,0,13,190,retail
1492,1492,1,12,9,12,216,realestate
1493,1493,5,0,9,20,137,education
1494,1494,3,17,8,12,182,retail
1495,1495,2,0,7,18,217,education
1496,1496,9,23,3,17,95,pharmaceutical
1497,1497,17,5,3,20,198,retail
1498,1498,12,23,3,23,103,software
1499,1499,16,24,3,20,149,retail
1500,1500,18,0,2,27,66,software
1501,1501,10,6,6,1,136,realestate
1502,1502,0,19,4,20,119,pharmaceutical
1503,1503,8,21,7,16,121,pharmaceutical
1504,1504,19,29,0,8,93,retail
1505,1505,14,0,2,21,187,software
1506,1506,19,21,1,22,82,software
1507,1507,6,15,3,11,77,pharmaceutical
1508,1508,15,23,5,20,188,education
1509,1509,7,19,4,6,124,retail
1510,1510,12,15,8,23,100,retail
1511,1511,5,0,3,19,130,pharmaceutical
1512,1512,16,28,2,17,158,software
1513,1513,11,18,9,19,101,software
1514,1514,0,14,1,29,119,education
1515,1515,10,3,1,4,111,pharmaceutical
1516,1516,10,24,8,18,121,financial
1517,1517,11,13,8,12,127,retail
1518,1518,2,3,5,17,207,education
1519,1519,10,20,5,2,146,education
1520,1520,11,0,7,17,120,realestate
1521,1521,9,19,1,14,71,realestate
1522,1522,14,4,3,2,196,retail
1523,1523,5,29,6,28,110,retail
1524,1524,7,9,3,7,148,retail
1525,1525,4,22,5,12,150,retail
1526,1526,11,10,3,27,113,realestate
1527,1527,15,21,4,1,186,retail
1528,1528,14,4,8,7,182,education
1529,1529,14,15,6,3,197,retail
1530,1530,1,25,3,4,222,financial
1531,1531,14,20,3,1,183,realestate
1532,1532,11,11,3,28,116,pharmaceutical
1533,1533,10,2,2,14,156,education
1534,1534,0,6,7,12,123,realestate
1535,1535,16,6,5,15,154,software
1536,1536,9,2,6,11,81,software
1537,1537,12,6,4,1,100,software
1538,1538,11,7,6,2,117,education
1539,1539,14,4,7,17,189,software
1540,1540,17,7,9,20,193,software
1541,1541,19,0,3,19,112,financial
1542,1542,8,18,3,17,181,software
1543,1543,6,28,7,29,71,education
1544,1544,14,18,8,18,184,financial
1545,1545,1,10,3,5,198,realestate
1546,1546,8,25,6,1,193,retail
1547,1547,17,27,1,21,188,pharmaceutical
1548,1548,1,0,6,4,171,education
1549,1549,12,23,6,2,91,software
1550,1550,1,17,6,18,212,realestate
1551,1551,14,19,2,17,187,education
1552,1552,9,19,8,11,47,financial
1553,1553,0,5,4,26,120,realestate
1554,1554,4,8,5,13,147,realestate
1555,1555,3,27,3,17,173,retail
1556,1556,3,29,8,0,195,pharmaceutical
1557,1557,14,14,2,18,189,realestate
1558,1558,5,24,8,21,127,software
1559,1559,9,29,3,22,65,retail
1560,1560,19,21,4,14,104,realestate
1561,1561,14,7,7,24,196,retail
1562,1562,17,26,3,4,204,retail
1563,1563,16,2,9,21,158,education
1564,1564,10,1,2,0,143,software
1565,1565,14,17,7,18,193,realestate
1566,1566,19,29,4,21,74,education
1567,1567,1,0,3,29,167,realestate
1568,1568,12,9,1,23,78,pharmaceutical
1569,1569,10,7,8,17,109,retail
1570,1570,15,8,8,23,204,pharmaceutical
1571,1571,1,10,3,18,209,pharmaceutical
1572,1572,7,24,8,0,134,financial
1573,1573,18,19,1,8,63,retail
1574,1574,17,29,6,5,202,software
1575,1575,18,15,1,3,69,realestate
1576,1576,6,2,4,13,57,software
1577,1577,2,20,4,11,209,pharmaceutical
1578,1578,10,13,5,12,149,financial
1579,1579,16,27,9,4,154,realestate
1580,1580,1,0,2,2,195,retail
1581,1581,10,16,8,17,116,financial
1582,1582,16,19,5,20,149,pharmaceutical
1583,1583,5,27,7,22,138,pharmaceutical
1584,1584,18,4,6,5,72,retail
1585,1585,13,4,5,29,142,realestate
1586,1586,5,29,8,9,116,education
1587,1587,19,24,4,27,79,retail
1588,1588,12,14,6,9,108,education
1589,1589,12,23,1,11,98,pharmaceutical
1590,1590,17,25,3,5,201,software
1591,1591,12,18,3,13,100,software
1592,1592,4,19,2,24,162,software
1593,1593,15,5,0,5,189,retail
1594,1594,18,8,4,20,98,retail
1595,1595,0,17,2,7,119,software
1596,1596,0,29,3,17,122,education
1597,1597,7,7,0,29,155,pharmaceutical
1598,1598,16,5,8,23,156,software
1599,1599,11,7,1,14,127,education
1600,1600,12,17,5,27,89,software
1601,1601,18,19,1,7,95,financial
1602,1602,6,28,0,16,58,pharmaceutical
1603,1603,9,20,0,7,65,pharmaceutical
1604,1604,16,3,5,4,153,financial
1605,1605,5,26,5,7,110,financial
1606,1606,17,14,7,18,197,retail
1607,1607,5,26,7,15,135,financial
1608,1608,1,26,3,3,223,realestate
1609,1609,0,11,0,18,123,pharmaceutical
1610,1610,15,29,7,25,183,pharmaceutical
1611,1611,10,18,6,23,157,financial
1612,1612,17,25,5,7,188,pharmaceutical
1613,1613,9,12,2,24,43,financial
1614,1614,9,6,4,22,69,realestate
1615,1615,12,8,5,18,103,software
1616,1616,18,5,3,14,82,software
1617,1617,18,14,0,25,80,realestate
1618,1618,9,7,5,12,96,realestate
1619,1619,10,21,9,10,129,pharmaceutical
1620,1620,19,16,4,27,108,retail
1621,1621,0,23,5,6,122,software
1622,1622,7,18,6,28,146,education
1623,1623,16,15,4,5,151,software
1624,1624,13,9,5,24,137,financial
1625,1625,18,15,5,21,73,pharmaceutical
1626,1626,3,24,4,28,198,education
1627,1627,13,15,0,6,136,software
1628,1628,0,21,8,14,123,pharmaceutical
1629,1629,3,4,6,2,201,software
1630,1630,0,26,7,25,123,software
1631,1631,12,2,7,27,79,pharmaceutical
1632,1632,9,5,8,18,44,realestate
1633,1633,17,28,1,18,203,realestate
1634,1634,13,1,2,2,122,pharmaceutical
1635,1635,16,14,1,22,147,software
1636,1636,9,22,8,20,97,financial
1637,1637,11,9,9,29,125,retail
1638,1638,13,25,4,8,137,financial
1639,1639,6,18,6,24,66,education
1640,1640,1,20,9,20,189,pharmaceutical
1641,1641,2,26,3,5,199,software
1642,1642,10,28,9,16,94,financial
1643,1643,3,4,0,6,171,retail
1644,1644,2,11,5,16,204,financial
1645,1645,19,3,2,6,108,education
1646,1646,18,26,1,15,85,pharmaceutical
1647,1647,7,4,9,23,164,pharmaceutical
1648,1648,17,15,1,24,188,education
1649,1649,0,3,6,28,119,financial
1650,1650,5,14,1,18,121,pharmaceutical
1651,1651,1,18,3,20,173,software
1652,1652,3,8,4,4,191,realestate
1653,1653,13,12,0,6,96,pharmaceutical
1654,1654,14,16,1,5,184,software
1655,1655,8,20,4,12,113,financial
1656,1656,6,8,7,13,62,pharmaceutical
1657,1657,3,29,5,4,199,retail
1658,1658,1,11,2,10,157,retail
1659,1659,11,9,6,12,125,software
1660,1660,10,25,1,23,141,financial
1661,1661,13,4,7,0,115,pharmaceutical
1662,1662,3,6,0,12,215,software
1663,1663,6,18,9,25,44,pharmaceutical
1664,1664,19,25,8,17,74,pharmaceutical
1665,1665,0,6,6,28,121,realestate
1666,1666,18,19,5,29,80,software
1667,1667,17,9,7,2,197,realestate
1668,1668,2,6,9,10,215,realestate
1669,1669,0,4,1,20,122,education
1670,1670,13,23,1,21,114,retail
1671,1671,14,18,0,10,191,software
1672,1672,0,3,0,17,122,education
1673,1673,3,5,2,6,177,financial
1674,1674,3,26,4,29,203,education
1675,1675,11,24,4,23,121,retail
1676,1676,3,20,7,0,184,education
1677,1677,10,13,2,6,105,realestate
1678,1678,12,21,9,6,95,financial
1679,1679,13,26,2,5,143,education
1680,1680,19,3,6,24,112,financial
1681,1681,11,22,5,1,131,realestate
1682,1682,3,10,5,14,188,realestate
1683,1683,13,24,8,22,99,pharmaceutical
1684,1684,4,18,8,12,191,education
1685,1685,4,15,5,2,155,retail
1686,1686,19,18,4,14,80,software
1687,1687,1,28,3,12,181,education
1688,1688,19,4,1,19,79,education
1689,1689,18,28,8,21,75,retail
1690,1690,11,21,2,8,93,education
1691,1691,6,4,7,9,84,realestate
1692,1692,16,9,3,10,159,retail
1693,1693,2,22,7,12,209,software
1694,1694,17,3,0,5,198,pharmaceutical
1695,1695,5,12,1,10,115,retail
1696,1696,15,28,9,11,213,software
1697,1697,13,18,0,0,101,financial
1698,1698,4,5,5,8,164,education
1699,1699,12,0,7,6,104,financial
1700,1700,10,12,9,6,134,retail
1701,1701,9,21,4,15,50,realestate
1702,1702,4,1,6,22,190,financial
1703,1703,1,9,3,24,231,realestate
1704,1704,0,16,7,23,121,financial
1705,1705,17,28,3,24,197,retail
1706,1706,15,11,4,17,211,realestate
1707,1707,10,22,1,4,127,retail
1708,1708,5,4,0,21,112,software
1709,1709,2,12,9,5,206,software
1710,1710,10,16,0,29,96,pharmaceutical
1711,1711,7,2,6,9,159,realestate
1712,1712,12,2,1,27,85,education
1713,1713,7,22,0,11,121,pharmaceutical
1714,1714,2,13,2,18,205,pharmaceutical
1715,1715,13,18,6,7,129,financial
1716,1716,16,0,3,29,147,education
1717,1717,8,11,7,27,111,pharmaceutical
1718,1718,18,27,3,18,103,pharmaceutical
1719,1719,14,16,1,0,193,realestate
1720,1720,16,24,8,19,149,education
1721,1721,7,5,8,8,129,retail
1722,1722,9,3,3,0,100,financial
1723,1723,19,10,7,2,78,pharmaceutical
1724,1724,19,21,5,5,106,education
1725,1725,5,1,1,28,121,education
1726,1726,14,17,9,13,197,software
1727,1727,11,12,2,22,101,software
1728,1728,11,24,9,12,139,financial
1729,1729,5,11,7,4,106,financial
1730,1730,3,16,2,4,185,financial
1731,1731,18,7,7,0,68,retail
1732,1732,17,17,0,11,201,retail
1733,1733,6,5,1,20,38,pharmaceutical
1734,1734,16,24,6,18,160,retail
1735,1735,10,26,4,25,154,retail
1736,1736,11,17,9,19,92,education
1737,1737,14,8,1,27,180,software
1738,1738,0,4,3,6,119,financial
1739,1739,9,11,6,11,63,realestate
1740,1740,16,1,5,27,159,realestate
1741,1741,2,5,7,4,219,pharmaceutical
1742,1742,10,5,7,1,139,pharmaceutical
1743,1743,5,12,4,2,117,education
1744,1744,12,9,3,15,90,software
1745,1745,4,7,9,28,179,retail
1746,1746,3,0,3,8,187,realestate
1747,1747,8,16,9,3,170,pharmaceutical
1748,1748,0,26,4,8,121,pharmaceutical
1749,1749,6,28,2,26,63,software
1750,1750,19,24,9,2,89,education
1751,1751,5,29,2,29,98,financial
1752,1752,1,5,0,28,173,realestate
1753,1753,2,26,0,14,219,retail
1754,1754,19,14,6,1,77,financial
1755,1755,16,2,1,0,159,financial
1756,1756,14,2,5,2,191,financial
1757,1757,15,23,1,1,204,education
1758,1758,5,21,7,3,119,financial
1759,1759,18,2,4,18,75,retail
1760,1760,0,29,5,24,123,education
1761,1761,15,27,0,14,205,pharmaceutical
1762,1762,16,12,1,7,153,education
1763,1763,1,8,0,26,207,financial
1764,1764,4,0,5,26,180,education
1765,1765,6,1,5,4,76,retail
1766,1766,3,28,6,29,203,software
1767,1767,18,13,5,0,84,realestate
1768,1768,4,14,8,11,194,retail
1769,1769,19,8,0,20,86,retail
1770,1770,8,2,2,10,136,pharmaceutical
1771,1771,10,27,6,1,157,financial
1772,1772,3,22,7,17,165,pharmaceutical
1773,1773,2,20,8,18,218,education
1774,1774,2,10,6,5,199,pharmaceutical
1775,1775,10,13,0,25,142,software
1776,1776,12,16,4,19,97,software
1777,1777,6,1,0,23,48,retail
1778,1778,16,20,9,4,158,education
1779,1779,0,8,1,16,119,software
1780,1780,15,16,5,26,200,retail
1781,1781,5,27,9,8,105,financial
1782,1782,18,16,7,25,68,software
1783,1783,11,26,9,17,105,realestate
1784,1784,10,22,3,19,103,realestate
1785,1785,3,4,6,9,202,financial
1786,1786,14,14,0,5,190,pharmaceutical
1787,1787,15,18,2,23,214,education
1788,1788,10,28,9,10,102,financial
1789,1789,7,8,1,14,161,education
1790,1790,3,0,4,24,198,realestate
1791,1791,2,29,7,2,207,software
1792,1792,18,19,9,22,97,software
1793,1793,9,14,4,0,95,financial
1794,1794,10,6,5,7,90,realestate
1795,1795,19,19,7,13,85,financial
1796,1796,19,13,7,18,73,retail
1797,1797,13,9,1,27,115,software
1798,1798,6,23,4,21,42,education
1799,1799,1,9,9,4,166,education
1800,1800,14,3,3,5,191,pharmaceutical
1801,1801,9,12,4,21,90,retail
1802,1802,15,18,4,27,220,pharmaceutical
1803,1803,15,29,0,6,197,retail
1804,1804,2,19,5,25,212,retail
1805,1805,6,26,3,14,76,financial
1806,1806,19,17,1,10,112,education
1807,1807,7,5,0,27,130,pharmaceutical
1808,1808,14,28,8,16,187,pharmaceutical
1809,1809,5,6,0,14,93,retail
1810,1810,12,5,2,16,82,realestate
1811,1811,13,2,3,18,109,education
1812,1812,19,17,8,2,83,education
1813,1813,5,29,5,8,125,education
1814,1814,2,3,9,26,212,financial
1815,1815,11,2,2,14,95,education
1816,1816,3,22,0,22,192,financial
1817,1817,13,27,0,17,108,software
1818,1818,9,20,2,26,104,education
1819,1819,7,8,3,23,152,education
1820,1820,10,17,8,26,90,education
1821,1821,9,18,5,10,45,education
1822,1822,4,28,8,22,142,education
1823,1823,17,20,5,1,183,software
1824,1824,1,12,8,29,201,retail
1825,1825,18,27,9,9,62,software
1826,1826,1,2,9,13,161,software
1827,1827,3,4,9,0,202,education
1828,1828,5,13,8,11,112,software
1829,1829,7,23,9,2,162,software
1830,1830,5,15,9,6,137,retail
1831,1831,6,22,5,10,53,software
1832,1832,7,15,7,18,139,education
1833,1833,10,4,4,29,147,realestate
1834,1834,19,27,4,9,73,pharmaceutical
1835,1835,7,16,0,27,127,retail
1836,1836,7,14,3,20,154,education
1837,1837,4,12,7,14,188,software
1838,1838,9,6,5,1,90,pharmaceutical
1839,1839,0,21,0,6,120,financial
1840,1840,19,24,4,26,80,pharmaceutical
1841,1841,17,7,9,28,190,realestate
1842,1842,7,16,1,20,136,education
1843,1843,5,2,5,9,135,software
1844,1844,16,15,6,4,147,pharmaceutical
1845,1845,11,18,0,19,120,education
1846,1846,12,29,6,22,89,pharmaceutical
1847,1847,11,20,1,13,124,education
1848,1848,8,16,8,2,193,financial
1849,1849,14,7,5,20,192,software
1850,1850,4,5,3,14,192,pharmaceutical
1851,1851,0,8,9,11,120,pharmaceutical
1852,1852,4,15,0,16,133,retail
1853,1853,14,7,9,6,187,pharmaceutical
1854,1854,0,19,4,10,123,pharmaceutical
1855,1855,13,12,0,16,132,pharmaceutical
1856,1856,6,21,7,0,70,pharmaceutical
1857,1857,10,7,9,25,122,software
1858,1858,1,7,6,12,207,software
1859,1859,0,27,5,3,122,realestate
1860,1860,18,16,6,1,91,software
1861,1861,13,29,7,6,123,software
1862,1862,3,15,0,17,171,financial
1863,1863,6,1,9,4,57,financial
1864,1864,18,17,6,16,85,software
1865,1865,15,20,2,26,194,software
1866,1866,18,13,4,16,75,realestate
1867,1867,14,10,7,1,195,pharmaceutical
1868,1868,11,15,3,24,136,realestate
1869,1869,9,0,1,21,88,realestate
1870,1870,19,15,4,22,118,realestate
1871,1871,8,11,4,16,131,pharmaceutical
1872,1872,0,27,3,0,119,software
1873,1873,1,19,3,7,233,software
1874,1874,18,7,4,3,96,financial
1875,1875,18,28,8,5,64,pharmaceutical
1876,1876,11,2,4,16,131,financial
1877,1877,6,20,3,3,46,financial
1878,1878,0,3,1,24,119,pharmaceutical
1879,1879,8,7,2,6,146,financial
1880,1880,2,20,1,20,202,financial
1881,1881,4,13,3,4,195,education
1882,1882,8,24,2,15,145,financial
1883,1883,14,9,4,0,191,realestate
1884,1884,16,14,7,12,150,financial
1885,1885,5,23,9,25,114,financial
1886,1886,18,15,3,17,91,pharmaceutical
1887,1887,2,6,3,12,207,pharmaceutical
1888,1888,11,26,8,12,97,financial
1889,1889,12,12,2,3,105,retail
1890,1890,19,18,7,28,119,education
1891,1891,5,14,7,24,116,realestate
1892,1892,8,8,9,8,202,software
1893,1893,7,5,6,22,165,education
1894,1894,1,16,9,23,217,financial
1895,1895,1,14,3,10,212,realestate
1896,1896,18,1,6,7,86,software
1897,1897,19,9,8,28,99,software
1898,1898,3,15,9,12,199,realestate
1899,1899,16,6,4,10,162,financial
1900,1900,0,2,2,9,120,pharmaceutical
1901,1901,11,29,8,9,130,realestate
1902,1902,11,0,1,6,139,education
1903,1903,16,28,1,3,146,pharmaceutical
1904,1904,15,12,0,11,201,realestate
1905,1905,3,12,0,4,170,software
1906,1906,19,15,4,17,87,education
1907,1907,2,2,3,25,199,pharmaceutical
1908,1908,15,12,6,14,207,software
1909,1909,15,16,5,9,179,pharmaceutical
1910,1910,2,18,8,2,214,software
1911,1911,9,0,9,21,54,pharmaceutical
1912,1912,11,1,7,26,91,software
1913,1913,17,23,2,15,193,software
1914,1914,3,10,6,12,178,pharmaceutical
1915,1915,9,3,5,15,100,software
1916,1916,19,5,7,2,94,realestate
1917,1917,19,5,7,10,89,education
1918,1918,3,24,7,1,167,retail
1919,1919,5,18,8,10,134,software
1920,1920,18,14,9,27,65,retail
1921,1921,6,2,0,26,63,financial
1922,1922,6,28,3,20,64,software
1923,1923,11,23,6,24,141,financial
1924,1924,16,17,2,6,161,software
1925,1925,16,17,9,11,155,software
1926,1926,11,1,7,22,106,realestate
1927,1927,6,26,6,28,52,realestate
1928,1928,5,9,2,27,119,software
1929,1929,16,18,0,5,150,software
1930,1930,11,14,7,22,94,pharmaceutical
1931,1931,2,11,0,4,204,retail
1932,1932,2,2,7,26,218,software
1933,1933,9,7,8,15,68,retail
1934,1934,3,22,8,12,178,retail
1935,1935,15,4,1,7,216,software
1936,1936,5,9,3,18,110,retail
1937,1937,9,10,3,15,78,pharmaceutical
1938,1938,9,5,9,12,70,software
1939,1939,15,20,7,10,216,financial
1940,1940,9,25,2,27,89,retail
1941,1941,5,7,4,25,127,software
1942,1942,5,8,0,25,102,software
1943,1943,8,24,3,29,140,financial
1944,1944,16,26,1,18,149,software
1945,1945,7,0,5,15,161,financial
1946,1946,8,15,6,11,206,pharmaceutical
1947,1947,10,27,0,4,89,retail
1948,1948,16,19,2,10,158,pharmaceutical
1949,1949,3,16,1,24,206,education
1950,1950,19,23,3,27,106,education
1951,1951,14,10,1,9,192,realestate
1952,1952,17,4,3,0,189,realestate
1953,1953,14,11,8,22,199,retail
1954,1954,6,18,1,14,82,education
1955,1955,19,8,6,24,99,retail
1956,1956,8,22,0,14,114,retail
1957,1957,16,8,7,12,146,software
1958,1958,5,14,6,26,100,retail
1959,1959,6,8,8,26,70,realestate
1960,1960,18,16,3,27,69,software
1961,1961,13,5,9,27,86,financial
1962,1962,12,6,2,0,109,realestate
1963,1963,18,25,0,10,103,education
1964,1964,0,27,0,15,121,financial
1965,1965,4,16,1,27,165,education
1966,1966,16,28,5,1,162,software
1967,1967,15,18,8,21,210,retail
1968,1968,11,19,0,7,109,software
1969,1969,16,22,2,18,158,education
1970,1970,1,6,0,4,172,education
1971,1971,0,20,5,4,122,retail
1972,1972,9,24,9,28,102,software
1973,1973,0,27,3,18,121,education
1974,1974,6,20,9,6,48,realestate
1975,1975,10,18,8,19,148,software
1976,1976,1,13,0,13,166,education
1977,1977,15,11,0,0,201,software
1978,1978,12,25,3,22,98,financial
1979,1979,11,23,5,25,133,financial
1980,1980,16,28,4,7,161,financial
1981,1981,9,6,5,2,67,realestate
1982,1982,18,26,8,17,56,education
1983,1983,9,15,8,4,81,retail
1984,1984,17,9,1,22,196,financial
1985,1985,13,4,6,8,133,education
1986,1986,8,8,0,13,122,software
1987,1987,10,5,1,21,107,retail
1988,1988,0,17,5,6,123,retail
1989,1989,11,0,1,26,134,software
1990,1990,3,13,6,11,187,education
1991,1991,5,19,1,0,124,pharmaceutical
1992,1992,1,20,1,8,192,education
1993,1993,9,26,5,16,70,software
1994,1994,12,14,7,26,78,software
1995,1995,14,18,8,11,193,pharmaceutical
1996,1996,7,3,5,14,127,education
1997,1997,7,0,8,4,167,pharmaceutical
1998,1998,13,17,4,28,115,education
1999,1999,2,17,2,1,202,financial
